{
  "merge": {
    "count": 464,
    "pct": 17.582417582417584
  },
  "escalate": {
    "count": 1618,
    "pct": 61.31110269041303
  },
  "reject": {
    "count": 557,
    "pct": 21.106479727169383
  },
  "interception_rate": 38.68889730958697,
  "total": 2639
}