{
  "merge": {
    "count": 444,
    "pct": 17.13624083365496
  },
  "escalate": {
    "count": 1591,
    "pct": 61.404862987263606
  },
  "reject": {
    "count": 556,
    "pct": 21.458896179081435
  },
  "interception_rate": 38.595137012736394,
  "total": 2591
}